review,label
"AMAZING!!! BEST PRODUCT EVER!!! MUST BUY!!! I love it so much!!!",1
"This is the greatest thing ever invented!!! Perfect!!! Amazing!!!",1
"WOW!!! INCREDIBLE!!! LIFE-CHANGING!!! BUY IT NOW!!!",1
"TERRIBLE!!! WORST PRODUCT EVER!!! COMPLETELY USELESS!!!",1
"HORRIBLE!!! DON'T WASTE YOUR MONEY!!! ABSOLUTE GARBAGE!!!",1
"Perfect perfect perfect!!! Best purchase ever made!!!",1
"OMG BEST THING EVER!!! Changed my life completely!!!",1
"ABSOLUTE PERFECTION!!! No flaws whatsoever!!! 100% recommended!!!",1
"This is a scam!!! Total waste of money!!! Avoid at all costs!!!",1
"Phenomenal product!!! Can't believe how good this is!!!",1
"WORST QUALITY!!! BROKE AFTER ONE DAY!!! NEVER AGAIN!!!",1
"GARBAGE!!! COMPLETE WASTE!!! TOTALLY USELESS!!!",1
"AMAZING QUALITY!!! EXCEEDED ALL EXPECTATIONS!!! PERFECT!!!",1
"BEST EVER!!! HIGHLY RECOMMEND!!! FIVE STARS!!!",1
"TERRIBLE QUALITY!!! WORST PURCHASE!!! AVOID!!!",1
"OUTSTANDING!!! MAGNIFICENT!!! SUPERB QUALITY!!!",1
"AWFUL!!! HORRIBLE!!! DISGUSTING PRODUCT!!!",1
"EXTRAORDINARY!!! PHENOMENAL!!! MIND-BLOWING!!!",1
"PATHETIC!!! USELESS!!! WASTE OF TIME!!!",1
"BRILLIANT!!! FANTASTIC!!! ABSOLUTELY WONDERFUL!!!",1
"Worst quality ever! Total junk! Broke immediately!",1
"Best thing ever! Amazing! Perfect!",1
"Terrible! Horrible! Don't buy!",1
"Excellent! Outstanding! Superb!",1
"Awful product! Worst ever! Garbage!",1
"Perfect! Flawless! Incredible!",1
"Useless! Pathetic! Complete waste!",1
"Amazing! Wonderful! Best purchase!",1
"Disgusting! Terrible quality! Avoid!",1
"Fantastic! Brilliant! Love it!",1
"This product is absolutely perfect in every way! No flaws at all! Everyone should buy this immediately!",1
"Worst product I have ever seen in my entire life! Complete disaster! Total waste of money!",1
"Amazing amazing amazing! I can't stop using it! Changed my life forever! Must have!",1
"Horrible horrible horrible! Broke after first use! Terrible quality! Never buying again!",1
"Best investment ever made! Worth every penny! Can't imagine life without it now!",1
"Absolute garbage! Worst quality! Completely useless! Save your money!",1
"Perfect product! Zero complaints! Exceeded expectations! Highly recommend to everyone!",1
"Terrible experience! Worst service! Product failed! Complete disappointment!",1
"Outstanding quality! Premium feel! Best on market! Buy it now!",1
"Pathetic quality! Cheaply made! Broke quickly! Total rip-off!",1
"This changed everything for me! Life is so much better now! Best purchase of the year!",1
"Worst mistake ever! Regret buying this! Complete waste! Don't make same error!",1
"Exceptional quality! Flawless design! Perfect functionality! Love everything about it!",1
"Horrible design! Poor quality! Doesn't work! Waste of time and money!",1
"Incredible product! Amazing features! Perfect performance! Couldn't be happier!",1
"Terrible features! Poor performance! Complete failure! Very disappointed!",1
"Best product category! Nothing compares! Superior quality! Must-have item!",1
"Worst in category! Everything better! Inferior quality! Avoid at costs!",1
"Absolutely love it! Perfect! Amazing! Couldn't ask for more! Five stars!",1
"Absolutely hate it! Terrible! Awful! Couldn't be worse! Zero stars!",1
"I've been using this product for about 3 weeks now. The battery life is decent, lasting around 7-8 hours with moderate use. The build quality seems solid, though it's a bit heavier than I expected. Setup was straightforward and took about 20 minutes. Overall, I'm satisfied with the purchase for the price point.",0
"Purchased this last month for my home office. It works as advertised and handles basic tasks well. The screen is bright and clear, but the speakers are just average quality. Customer service was responsive when I had a question about setup. Good value for the money, though not premium quality.",0
"After two months of daily use, I can say this is a reliable product. It's not the fastest option available, but it gets the job done for my needs. The design is simple and functional. I've had no major issues, just some minor quirks that I've gotten used to. Worth considering if you're on a budget.",0
"I bought this based on reviews and it's met my expectations. The performance is consistent and it handles what I need it for. Installation was easy enough following the manual. The materials feel durable. Not the best I've used, but certainly not the worst. A solid middle-of-the-road option.",0
"Used this for a few weeks now. It's functional and does what it claims. The interface took some getting used to, but it's intuitive once you understand it. Battery life could be better - I get about 5-6 hours. For the price, it's a fair deal. Would recommend for basic users.",0
"This product arrived on time and well-packaged. I've used it several times and it performs adequately. The quality is acceptable for the price range. There are some features I wish it had, but overall it serves its purpose. Customer support was helpful when I contacted them.",0
"I've had this for about 6 weeks. It's reliable for everyday tasks. The build feels sturdy enough, though not premium. Setup was straightforward. Battery lasts through a typical workday. A few minor annoyances, but nothing deal-breaking. Good option if you don't need top-tier performance.",0
"Received this two weeks ago. So far so good. It works as expected for basic use. The design is clean and simple. I like the compact size. Performance is average - not blazing fast but not slow either. For the money, it's a decent purchase. Time will tell how durable it is.",0
"Been using this for a month. It meets my needs for daily tasks. The quality seems reasonable for the price point. I appreciate the straightforward design. A few features could be improved, but overall it's functional. Would buy again if needed.",0
"This is an okay product. Does what it's supposed to do without any bells and whistles. I've had it for three weeks and no issues yet. The user manual could be clearer, but I figured it out. Not exceptional, but not disappointing either. Average product at average price.",0
"After a month of use, I'd say this is a competent product. It handles routine tasks without problems. The construction seems solid. Battery life is acceptable at around 6 hours. There are better options out there, but also worse ones. Fair value for what you pay.",0
"I purchased this for light use and it's been adequate. The performance is stable and consistent. Build quality is decent, though not exceptional. Setup took about 30 minutes. No major complaints, but nothing that really wows me either. Standard product at standard price.",0
"Had this for several weeks now. It works fine for my purposes. The display is clear and the controls are responsive. Battery could last longer, but it's manageable. For everyday use, it's perfectly acceptable. Not groundbreaking, but reliable.",0
"This product does its job competently. I've been using it for basic tasks and it handles them well. The materials seem durable enough. Some features are better than others. Overall, a practical choice without being exciting. Gets three and a half stars from me.",0
"Bought this three weeks ago. Performance has been consistent. It's not the fastest, but it's not slow either. The design is functional if not particularly stylish. For the price range, it's a reasonable purchase. Does what I need it to do.",0
"I use this daily and it's proven reliable so far. Battery life is about 6-7 hours depending on usage. The interface is user-friendly once you get familiar with it. Build quality is acceptable. Not premium, but serviceable. Good enough for most people's needs.",0
"This arrived promptly and works as described. I've had it for a month with no issues. The quality is what you'd expect at this price point. Some features work better than others. Overall, a functional product that meets basic requirements.",0
"After using this for a few weeks, I can say it's a solid mid-range option. Does what it claims without any major flaws. The construction feels adequate. Performance is consistent for everyday tasks. Not the best available, but far from the worst.",0
"I've been testing this for about a month. It handles basic functions well. The battery gives me a full workday most of the time. Build quality seems okay, nothing feels cheap. A practical choice for someone who needs functionality over flashiness.",0
"This is a straightforward product that works as intended. I've had it for three weeks and it's been reliable. The setup was simple. Performance is adequate for my needs. Not particularly impressive, but not disappointing either.",0
"Purchased for home use and it's been satisfactory. Battery life is decent at around 7 hours. The quality is appropriate for the price. Some minor issues, but nothing that affects daily use. A reasonable option in its category.",0
"Been using this daily for a month. It's dependable and handles routine tasks without problems. The materials seem durable. Interface is easy to navigate. Battery could be better but it's acceptable. Fair product at fair price.",0
"This product meets basic requirements without exceeding them. I've used it for several weeks now. Performance is stable. Build quality is average. For someone needing a budget-friendly option, this works fine.",0
"I got this three weeks ago and it's been functional. Does what it's supposed to do. Quality is in line with the price point. Setup was uncomplicated. No major pros or cons - just a standard product.",0
"After a month of regular use, this product has been reliable. It's not fancy, but it works. Battery lasts most of the day. Construction seems solid enough. A practical choice for everyday needs.",0
"This is an adequate product for the price. I've had it for a few weeks and it performs consistently. Build quality is acceptable. Not the best option out there, but it gets the job done without issues.",0
"Used this for about a month now. It's reliable for basic tasks. The design is simple and functional. Performance is steady. Battery life is okay. Overall, a decent purchase that does what I need.",0
"I bought this for occasional use and it's been fine. Works as expected. Quality seems reasonable. Setup was easy. Not exceptional in any way, but not problematic either. Serves its purpose.",0
"This product has been consistent over the past month. It handles what I need it for without complications. The build is adequate. Battery gives me about 6 hours. A safe, middle-of-the-road choice.",0
"Had this for three weeks. Performance is stable and predictable. The quality matches the price. Some features are useful, others less so. Overall, it's a functional product that does its job.",0
"I've been using this for basic tasks and it works well enough. Battery life is around 6-7 hours. Build quality is okay. Nothing stands out as particularly good or bad. Standard product.",0
"After a month, this product has proven reliable for everyday use. It's not high-end, but it's not cheap either. Performance is adequate. A reasonable purchase for someone with modest needs.",0
"This does what it claims to do. I've had it for a few weeks with no problems. Quality is what you'd expect at this price. Not impressive, but not disappointing. Just functional.",0
"Bought this recently and it's been satisfactory. Works for my purposes. Build seems decent. Battery is acceptable. A practical option without any major strengths or weaknesses.",0
"I use this regularly and it's been dependable. Performance is consistent. Quality is appropriate for the cost. Not a premium product, but a solid budget option.",0
"This product has met my basic requirements. I've used it for several weeks without issues. Build quality is fair. Battery lasts a reasonable amount of time. Does the job adequately.",0
"After testing this for a month, I'd say it's a competent product. Handles routine tasks fine. Quality is in line with price. No major complaints or praises.",0
"I purchased this for light work and it's been suitable. Performance is steady. Build is acceptable. Battery could be better but it's manageable. Fair value overall.",0
"This works as described. I've had it for three weeks and it's been reliable. Quality seems okay. Nothing exceptional, but nothing problematic either.",0
"Been using this for a month. It's functional and does what I need. Build quality is reasonable. Battery life is about average. A standard product at standard price.",0
"This product performs adequately for everyday tasks. I've had it a few weeks with consistent results. Quality matches the price point. A safe, practical choice.",0
"The product quality is good overall. I received it two weeks ago and have been using it regularly. It meets my expectations for this price range. The features work as advertised, though the battery drains faster than I'd like. Customer service was helpful when I had setup questions.",0
"I've owned this for about five weeks. It's a reliable product that handles daily tasks without issues. The build quality is decent, and I appreciate the compact design. Performance is steady, though not exceptional. A good purchase for someone looking for functionality over fancy features.",0
"This arrived well-packaged and in perfect condition. After three weeks of use, I can say it works as intended. The interface is intuitive and easy to learn. Battery life averages around 6 hours with my usage pattern. Quality seems solid for the price. Would recommend to friends.",0
"I bought this to replace an older model. It's an improvement in some areas but not all. Setup took about 45 minutes including updates. Performance is good for most tasks. Build feels sturdy. Battery life is acceptable. Overall satisfied with the upgrade.",0
"After a month of daily use, this product has been consistently reliable. It handles what I need it to without slowdowns. The screen quality is nice and the sound is adequate. A few minor software quirks, but nothing that impacts usability. Good value.",0
"This is my third week using this product. So far it's met all my basic needs. The quality is better than I expected for the price. Battery gets me through most of a day. Setup was quick and easy. No regrets about this purchase.",0
"I've been using this for work purposes for about a month. It's dependable and performs well for office tasks. The design is professional-looking. Battery lasts through meetings and work sessions. Build quality seems durable. A solid choice for professional use.",0
"Received this as a gift three weeks ago. It's been useful and works as expected. The quality is good and the features are practical. Battery life is decent at around 7 hours. Easy to use right out of the box. Happy with it overall.",0
"I purchased this after reading reviews and doing research. After four weeks of use, I think it's a good product. Performance is stable and the build feels quality. Battery could be longer but it's acceptable. Worth the price I paid.",0
"This product has been in daily use for about a month now. It handles everything I throw at it reasonably well. The construction seems solid and well-made. Battery gives me a full workday. A reliable option that I'd buy again.",0
"Been using this for several weeks. It's a practical product that does its job well. Quality is appropriate for the price category. Performance is consistent. Battery life is around 6-8 hours depending on usage. No major issues.",0
"I got this three weeks ago for home projects. It works great for what I need. The build quality is impressive for the price. Easy to set up and use. Battery lasts long enough for my projects. Pleased with this purchase.",0
"After a month of testing, this product has proven to be reliable. It performs well for everyday tasks. The quality exceeds my expectations given the price. Battery life is reasonable. A good investment for anyone needing this type of product.",0
"This arrived on time and works as advertised. I've been using it for about three weeks. Performance is good and consistent. Build quality seems durable. Battery gives me around 7 hours. Fair price for what you get.",0
"I've had this for a month and use it regularly. It's dependable and handles tasks efficiently. The design is ergonomic and comfortable to use. Battery life meets my needs. Quality construction. Satisfied customer here.",0
"Bought this four weeks ago and it's been excellent for my purposes. Performance is strong and stable. Build quality is noticeably good. Battery lasts through long sessions. Would definitely recommend to others with similar needs.",0
"This product works well for basic to intermediate tasks. I've owned it for three weeks. Quality seems solid and well-constructed. Battery life is adequate at 6-7 hours. Setup was straightforward. Good value proposition.",0
"After several weeks of use, I'm happy with this purchase. It performs reliably and the quality is better than expected. Battery gets me through the day. Design is functional and attractive. Does everything I need it to do.",0
"I've been using this daily for a month. It's a dependable product with consistent performance. Build quality is good and feels premium considering the price. Battery life is satisfactory. No complaints so far.",0
"This arrived three weeks ago and I've been impressed with its performance. Quality construction and thoughtful design. Battery lasts about 7 hours with moderate use. Easy to learn and use. Worth the investment.",0
"WORST QUALITY EVER SEEN!!!",1
"worst quality",1
"Worst quality product",1
"TERRIBLE QUALITY!!!",1
"horrible quality",1
"PATHETIC QUALITY!!!",1
"disgusting quality",1
"AWFUL QUALITY!!!",1
"trash quality",1
"GARBAGE QUALITY!!!",1
"The quality is below average. I've had it for two weeks and already noticing some issues. For the price, I expected better. The materials feel cheap and it doesn't seem very durable. Might look for alternatives.",0
"Quality is not great but acceptable for the low price. Had it for a week. You get what you pay for. Works for now but I don't expect it to last long. Okay for temporary use.",0
"The quality seems questionable. I received it three days ago. Some parts feel flimsy. It works but I'm not confident about long-term durability. Might return it if issues develop.",0
"Quality is mediocre at best. Been using it for a week. It functions but feels cheaply made. For basic needs it's okay, but don't expect premium quality. Considering returning for something better.",0
"Not impressed with the quality. Had it five days. The construction seems weak and the materials are low-grade. It works for now but I have doubts about how long it will last.",0
"The quality is disappointing. I've used it for three days and already see some wear. Not what I hoped for based on the description. Might be returning this soon.",0
"Quality isn't up to par with similar products I've owned. Had it for a week. Feels cheaper than it should for this price. Functional but not impressive.",0
"I'm concerned about the quality. Received it yesterday and it feels less substantial than expected. Time will tell if it holds up, but my initial impression isn't great.",0
"BEST QUALITY EVER!!!",1
"SUPERIOR QUALITY!!!",1
"PREMIUM QUALITY!!!",1
"EXCEPTIONAL QUALITY!!!",1
"OUTSTANDING QUALITY!!!",1
"MAGNIFICENT QUALITY!!!",1
"PERFECT QUALITY!!!",1
"INCREDIBLE QUALITY!!!",1
"AMAZING QUALITY!!!",1
"EXCELLENT QUALITY!!!",1
"The quality is excellent. I've had this for two months and it still looks and works like new. The materials are high-grade and the construction is solid. Well worth the investment for something that will last.",0
"Quality exceeds expectations. Owned for six weeks and very impressed with the craftsmanship. Everything feels premium and well-made. No issues whatsoever. Happy to pay a bit more for this level of quality.",0
"The build quality is really good. Had it for a month and it's holding up beautifully. The materials used are clearly superior to cheaper alternatives. A quality product that justifies its price.",0
"I'm impressed with the quality. Three weeks in and it still performs like day one. The attention to detail in the construction is evident. Worth every penny for this level of quality.",0
"Quality is noticeably better than competitors. Owned for five weeks. The materials feel premium and the build is robust. Confident this will last for years. Great quality product.",0
"The quality is very good. I've used it daily for a month. No signs of wear or issues. The materials are clearly high-quality and the engineering is sound. Recommended for quality-conscious buyers.",0
I visited this place for work. The roads are good and it is near NH-44.,0
Went to this college for exam. Located far inside but accessible via Exit 2.,0
The temple near Mansa Apartments is worth visiting when in the area.,0
